,visitor,google,youtube
2020년 10월,507652,0,0
2020년 11월,229558,5,3
2020년 12월,67919,11,5
2021년 01월,78051,10,9
2021년 02월,200975,11,10
2021년 03월,194718,10,11
2021년 04월,394001,10,14
2021년 05월,437831,9,13
2021년 06월,354589,6,12
2021년 07월,153864,3,19
2021년 08월,261840,6,15
2021년 09월,361221,8,15
2021년 10월,627499,6,14
2021년 11월,386793,7,16
2021년 12월,254427,6,10
2022년 01월,183768,7,10
2022년 02월,192144,7,10
2022년 03월,223928,12,11
2022년 04월,662155,7,13
2022년 05월,716827,8,11
2022년 06월,447867,4,8
2022년 07월,443299,3,8
2022년 08월,451578,15,8
2022년 09월,649782,11,8
2022년 10월,1052398,5,7
2022년 11월,476863,12,10
2022년 12월,273225,5,6
2023년 01월,204806,5,4
2023년 02월,416638,3,5
2023년 03월,356257,5,7
2023년 04월,587428,40,45
2023년 05월,652927,100,100
2023년 06월,511206,67,64
