지점,지점명,일시,기온(°C),기온 QC플래그
108,서울,2023-08-05 00:01,28.2,0
108,서울,2023-08-05 00:02,28.2,0
108,서울,2023-08-05 00:03,28.2,0
108,서울,2023-08-05 00:04,28.1,0
108,서울,2023-08-05 00:05,28.1,0
108,서울,2023-08-05 00:06,28.1,0
108,서울,2023-08-05 00:07,28.1,0
108,서울,2023-08-05 00:08,28.1,0
108,서울,2023-08-05 00:09,28.1,0
108,서울,2023-08-05 00:10,28.1,0
108,서울,2023-08-05 00:11,28.1,0
108,서울,2023-08-05 00:12,28.1,0
108,서울,2023-08-05 00:13,28.1,0
108,서울,2023-08-05 00:14,28.1,0
108,서울,2023-08-05 00:15,28.1,0
108,서울,2023-08-05 00:16,28.1,0
108,서울,2023-08-05 00:17,28.1,0
108,서울,2023-08-05 00:18,28,0
108,서울,2023-08-05 00:19,28,0
108,서울,2023-08-05 00:20,28,0
108,서울,2023-08-05 00:21,28,0
108,서울,2023-08-05 00:22,28,0
108,서울,2023-08-05 00:23,28,0
108,서울,2023-08-05 00:24,28,0
108,서울,2023-08-05 00:25,27.9,0
108,서울,2023-08-05 00:26,27.9,0
108,서울,2023-08-05 00:27,27.9,0
108,서울,2023-08-05 00:28,27.9,0
108,서울,2023-08-05 00:29,27.9,0
108,서울,2023-08-05 00:30,27.9,0
108,서울,2023-08-05 00:31,27.9,0
108,서울,2023-08-05 00:32,27.9,0
108,서울,2023-08-05 00:33,27.9,0
108,서울,2023-08-05 00:34,27.9,0
108,서울,2023-08-05 00:35,27.9,0
108,서울,2023-08-05 00:36,27.9,0
108,서울,2023-08-05 00:37,27.9,0
108,서울,2023-08-05 00:38,27.9,0
108,서울,2023-08-05 00:39,27.8,0
108,서울,2023-08-05 00:40,27.8,0
108,서울,2023-08-05 00:41,27.8,0
108,서울,2023-08-05 00:42,27.8,0
108,서울,2023-08-05 00:43,27.8,0
108,서울,2023-08-05 00:44,27.8,0
108,서울,2023-08-05 00:45,27.8,0
108,서울,2023-08-05 00:46,27.8,0
108,서울,2023-08-05 00:47,27.8,0
108,서울,2023-08-05 00:48,27.8,0
108,서울,2023-08-05 00:49,27.8,0
108,서울,2023-08-05 00:50,27.8,0
108,서울,2023-08-05 00:51,27.8,0
108,서울,2023-08-05 00:52,27.8,0
108,서울,2023-08-05 00:53,27.8,0
108,서울,2023-08-05 00:54,27.8,0
108,서울,2023-08-05 00:55,27.7,0
108,서울,2023-08-05 00:56,27.7,0
108,서울,2023-08-05 00:57,27.8,0
108,서울,2023-08-05 00:58,27.8,0
108,서울,2023-08-05 00:59,27.8,0
108,서울,2023-08-05 01:00,27.8,0
108,서울,2023-08-05 01:01,27.8,0
108,서울,2023-08-05 01:02,27.8,0
108,서울,2023-08-05 01:03,27.8,0
108,서울,2023-08-05 01:04,27.8,0
108,서울,2023-08-05 01:05,27.7,0
108,서울,2023-08-05 01:06,27.7,0
108,서울,2023-08-05 01:07,27.7,0
108,서울,2023-08-05 01:08,27.7,0
108,서울,2023-08-05 01:09,27.7,0
108,서울,2023-08-05 01:10,27.7,0
108,서울,2023-08-05 01:11,27.7,0
108,서울,2023-08-05 01:12,27.7,0
108,서울,2023-08-05 01:13,27.7,0
108,서울,2023-08-05 01:14,27.7,0
108,서울,2023-08-05 01:15,27.7,0
108,서울,2023-08-05 01:16,27.7,0
108,서울,2023-08-05 01:17,27.7,0
108,서울,2023-08-05 01:18,27.7,0
108,서울,2023-08-05 01:19,27.7,0
108,서울,2023-08-05 01:20,27.7,0
108,서울,2023-08-05 01:21,27.7,0
108,서울,2023-08-05 01:22,27.7,0
108,서울,2023-08-05 01:23,27.7,0
108,서울,2023-08-05 01:24,27.7,0
108,서울,2023-08-05 01:25,27.6,0
108,서울,2023-08-05 01:26,27.6,0
108,서울,2023-08-05 01:27,27.6,0
108,서울,2023-08-05 01:28,27.6,0
108,서울,2023-08-05 01:29,27.6,0
108,서울,2023-08-05 01:30,27.6,0
108,서울,2023-08-05 01:31,27.6,0
108,서울,2023-08-05 01:32,27.6,0
108,서울,2023-08-05 01:33,27.6,0
108,서울,2023-08-05 01:34,27.6,0
108,서울,2023-08-05 01:35,27.6,0
108,서울,2023-08-05 01:36,27.6,0
108,서울,2023-08-05 01:37,27.6,0
108,서울,2023-08-05 01:38,27.6,0
108,서울,2023-08-05 01:39,27.5,0
108,서울,2023-08-05 01:40,27.5,0
108,서울,2023-08-05 01:41,27.5,0
108,서울,2023-08-05 01:42,27.5,0
108,서울,2023-08-05 01:43,27.5,0
108,서울,2023-08-05 01:44,27.5,0
108,서울,2023-08-05 01:45,27.5,0
108,서울,2023-08-05 01:46,27.5,0
108,서울,2023-08-05 01:47,27.5,0
108,서울,2023-08-05 01:48,27.5,0
108,서울,2023-08-05 01:49,27.5,0
108,서울,2023-08-05 01:50,27.5,0
108,서울,2023-08-05 01:51,27.5,0
108,서울,2023-08-05 01:52,27.5,0
108,서울,2023-08-05 01:53,27.5,0
108,서울,2023-08-05 01:54,27.5,0
108,서울,2023-08-05 01:55,27.5,0
108,서울,2023-08-05 01:56,27.5,0
108,서울,2023-08-05 01:57,27.5,0
108,서울,2023-08-05 01:58,27.4,0
108,서울,2023-08-05 01:59,27.4,0
108,서울,2023-08-05 02:00,27.4,0
108,서울,2023-08-05 02:01,27.4,0
108,서울,2023-08-05 02:02,27.4,0
108,서울,2023-08-05 02:03,27.4,0
108,서울,2023-08-05 02:04,27.4,0
108,서울,2023-08-05 02:05,27.4,0
108,서울,2023-08-05 02:06,27.4,0
108,서울,2023-08-05 02:07,27.4,0
108,서울,2023-08-05 02:08,27.4,0
108,서울,2023-08-05 02:09,27.3,0
108,서울,2023-08-05 02:10,27.4,0
108,서울,2023-08-05 02:11,27.3,0
108,서울,2023-08-05 02:12,27.3,0
108,서울,2023-08-05 02:13,27.3,0
108,서울,2023-08-05 02:14,27.3,0
108,서울,2023-08-05 02:15,27.3,0
108,서울,2023-08-05 02:16,27.3,0
108,서울,2023-08-05 02:17,27.3,0
108,서울,2023-08-05 02:18,27.3,0
108,서울,2023-08-05 02:19,27.3,0
108,서울,2023-08-05 02:20,27.3,0
108,서울,2023-08-05 02:21,27.3,0
108,서울,2023-08-05 02:22,27.3,0
108,서울,2023-08-05 02:23,27.3,0
108,서울,2023-08-05 02:24,27.2,0
108,서울,2023-08-05 02:25,27.2,0
108,서울,2023-08-05 02:26,27.2,0
108,서울,2023-08-05 02:27,27.2,0
108,서울,2023-08-05 02:28,27.2,0
108,서울,2023-08-05 02:29,27.2,0
108,서울,2023-08-05 02:30,27.2,0
108,서울,2023-08-05 02:31,27.2,0
108,서울,2023-08-05 02:32,27.2,0
108,서울,2023-08-05 02:33,27.2,0
108,서울,2023-08-05 02:34,27.2,0
108,서울,2023-08-05 02:35,27.2,0
108,서울,2023-08-05 02:36,27.2,0
108,서울,2023-08-05 02:37,27.2,0
108,서울,2023-08-05 02:38,27.2,0
108,서울,2023-08-05 02:39,27.2,0
108,서울,2023-08-05 02:40,27.1,0
108,서울,2023-08-05 02:41,27.1,0
108,서울,2023-08-05 02:42,27.1,0
108,서울,2023-08-05 02:43,27.1,0
108,서울,2023-08-05 02:44,27.1,0
108,서울,2023-08-05 02:45,27.1,0
108,서울,2023-08-05 02:46,27.1,0
108,서울,2023-08-05 02:47,27.1,0
108,서울,2023-08-05 02:48,27.1,0
108,서울,2023-08-05 02:49,27.1,0
108,서울,2023-08-05 02:50,27.1,0
108,서울,2023-08-05 02:51,27.1,0
108,서울,2023-08-05 02:52,27.1,0
108,서울,2023-08-05 02:53,27.1,0
108,서울,2023-08-05 02:54,27.1,0
108,서울,2023-08-05 02:55,27.1,0
108,서울,2023-08-05 02:56,27.1,0
108,서울,2023-08-05 02:57,27,0
108,서울,2023-08-05 02:58,27,0
108,서울,2023-08-05 02:59,27,0
108,서울,2023-08-05 03:00,27,0
108,서울,2023-08-05 03:01,27,0
108,서울,2023-08-05 03:02,27,0
108,서울,2023-08-05 03:03,27,0
108,서울,2023-08-05 03:04,27,0
108,서울,2023-08-05 03:05,27,0
108,서울,2023-08-05 03:06,27,0
108,서울,2023-08-05 03:07,27,0
108,서울,2023-08-05 03:08,27,0
108,서울,2023-08-05 03:09,27,0
108,서울,2023-08-05 03:10,27,0
108,서울,2023-08-05 03:11,27,0
108,서울,2023-08-05 03:12,26.9,0
108,서울,2023-08-05 03:13,26.9,0
108,서울,2023-08-05 03:14,26.9,0
108,서울,2023-08-05 03:15,26.9,0
108,서울,2023-08-05 03:16,26.9,0
108,서울,2023-08-05 03:17,26.9,0
108,서울,2023-08-05 03:18,26.9,0
108,서울,2023-08-05 03:19,26.9,0
108,서울,2023-08-05 03:20,26.9,0
108,서울,2023-08-05 03:21,26.9,0
108,서울,2023-08-05 03:22,26.9,0
108,서울,2023-08-05 03:23,26.9,0
108,서울,2023-08-05 03:24,26.9,0
108,서울,2023-08-05 03:25,26.8,0
108,서울,2023-08-05 03:26,26.8,0
108,서울,2023-08-05 03:27,26.8,0
108,서울,2023-08-05 03:28,26.8,0
108,서울,2023-08-05 03:29,26.8,0
108,서울,2023-08-05 03:30,26.8,0
108,서울,2023-08-05 03:31,26.8,0
108,서울,2023-08-05 03:32,26.8,0
108,서울,2023-08-05 03:33,26.8,0
108,서울,2023-08-05 03:34,26.8,0
108,서울,2023-08-05 03:35,26.8,0
108,서울,2023-08-05 03:36,26.8,0
108,서울,2023-08-05 03:37,26.8,0
108,서울,2023-08-05 03:38,26.8,0
108,서울,2023-08-05 03:39,26.8,0
108,서울,2023-08-05 03:40,26.8,0
108,서울,2023-08-05 03:41,26.8,0
108,서울,2023-08-05 03:42,26.8,0
108,서울,2023-08-05 03:43,26.8,0
108,서울,2023-08-05 03:44,26.8,0
108,서울,2023-08-05 03:45,26.8,0
108,서울,2023-08-05 03:46,26.7,0
108,서울,2023-08-05 03:47,26.7,0
108,서울,2023-08-05 03:48,26.7,0
108,서울,2023-08-05 03:49,26.7,0
108,서울,2023-08-05 03:50,26.7,0
108,서울,2023-08-05 03:51,26.7,0
108,서울,2023-08-05 03:52,26.7,0
108,서울,2023-08-05 03:53,26.7,0
108,서울,2023-08-05 03:54,26.7,0
108,서울,2023-08-05 03:55,26.7,0
108,서울,2023-08-05 03:56,26.7,0
108,서울,2023-08-05 03:57,26.7,0
108,서울,2023-08-05 03:58,26.7,0
108,서울,2023-08-05 03:59,26.7,0
108,서울,2023-08-05 04:00,26.7,0
108,서울,2023-08-05 04:01,26.7,0
108,서울,2023-08-05 04:02,26.7,0
108,서울,2023-08-05 04:03,26.7,0
108,서울,2023-08-05 04:04,26.7,0
108,서울,2023-08-05 04:05,26.7,0
108,서울,2023-08-05 04:06,26.7,0
108,서울,2023-08-05 04:07,26.7,0
108,서울,2023-08-05 04:08,26.7,0
108,서울,2023-08-05 04:09,26.7,0
108,서울,2023-08-05 04:10,26.7,0
108,서울,2023-08-05 04:11,26.7,0
108,서울,2023-08-05 04:12,26.7,0
108,서울,2023-08-05 04:13,26.7,0
108,서울,2023-08-05 04:14,26.7,0
108,서울,2023-08-05 04:15,26.7,0
108,서울,2023-08-05 04:16,26.7,0
108,서울,2023-08-05 04:17,26.7,0
108,서울,2023-08-05 04:18,26.7,0
108,서울,2023-08-05 04:19,26.7,0
108,서울,2023-08-05 04:20,26.7,0
108,서울,2023-08-05 04:21,26.7,0
108,서울,2023-08-05 04:22,26.7,0
108,서울,2023-08-05 04:23,26.6,0
108,서울,2023-08-05 04:24,26.6,0
108,서울,2023-08-05 04:25,26.6,0
108,서울,2023-08-05 04:26,26.6,0
108,서울,2023-08-05 04:27,26.6,0
108,서울,2023-08-05 04:28,26.6,0
108,서울,2023-08-05 04:29,26.6,0
108,서울,2023-08-05 04:30,26.6,0
108,서울,2023-08-05 04:31,26.6,0
108,서울,2023-08-05 04:32,26.6,0
108,서울,2023-08-05 04:33,26.6,0
108,서울,2023-08-05 04:34,26.6,0
108,서울,2023-08-05 04:35,26.6,0
108,서울,2023-08-05 04:36,26.6,0
108,서울,2023-08-05 04:37,26.6,0
108,서울,2023-08-05 04:38,26.6,0
108,서울,2023-08-05 04:39,26.6,0
108,서울,2023-08-05 04:40,26.6,0
108,서울,2023-08-05 04:41,26.6,0
108,서울,2023-08-05 04:42,26.6,0
108,서울,2023-08-05 04:43,26.6,0
108,서울,2023-08-05 04:44,26.6,0
108,서울,2023-08-05 04:45,26.6,0
108,서울,2023-08-05 04:46,26.6,0
108,서울,2023-08-05 04:47,26.6,0
108,서울,2023-08-05 04:48,26.6,0
108,서울,2023-08-05 04:49,26.6,0
108,서울,2023-08-05 04:50,26.6,0
108,서울,2023-08-05 04:51,26.6,0
108,서울,2023-08-05 04:52,26.6,0
108,서울,2023-08-05 04:53,26.6,0
108,서울,2023-08-05 04:54,26.6,0
108,서울,2023-08-05 04:55,26.6,0
108,서울,2023-08-05 04:56,26.6,0
108,서울,2023-08-05 04:57,26.6,0
108,서울,2023-08-05 04:58,26.6,0
108,서울,2023-08-05 04:59,26.6,0
108,서울,2023-08-05 05:00,26.6,0
108,서울,2023-08-05 05:01,26.6,0
108,서울,2023-08-05 05:02,26.6,0
108,서울,2023-08-05 05:03,26.6,0
108,서울,2023-08-05 05:04,26.6,0
108,서울,2023-08-05 05:05,26.6,0
108,서울,2023-08-05 05:06,26.6,0
108,서울,2023-08-05 05:07,26.6,0
108,서울,2023-08-05 05:08,26.6,0
108,서울,2023-08-05 05:09,26.6,0
108,서울,2023-08-05 05:10,26.6,0
108,서울,2023-08-05 05:11,26.6,0
108,서울,2023-08-05 05:12,26.6,0
108,서울,2023-08-05 05:13,26.6,0
108,서울,2023-08-05 05:14,26.6,0
108,서울,2023-08-05 05:15,26.6,0
108,서울,2023-08-05 05:16,26.6,0
108,서울,2023-08-05 05:17,26.6,0
108,서울,2023-08-05 05:18,26.6,0
108,서울,2023-08-05 05:19,26.6,0
108,서울,2023-08-05 05:20,26.6,0
108,서울,2023-08-05 05:21,26.6,0
108,서울,2023-08-05 05:22,26.6,0
108,서울,2023-08-05 05:23,26.6,0
108,서울,2023-08-05 05:24,26.6,0
108,서울,2023-08-05 05:25,26.6,0
108,서울,2023-08-05 05:26,26.6,0
108,서울,2023-08-05 05:27,26.6,0
108,서울,2023-08-05 05:28,26.6,0
108,서울,2023-08-05 05:29,26.6,0
108,서울,2023-08-05 05:30,26.6,0
108,서울,2023-08-05 05:31,26.5,0
108,서울,2023-08-05 05:32,26.5,0
108,서울,2023-08-05 05:33,26.5,0
108,서울,2023-08-05 05:34,26.5,0
108,서울,2023-08-05 05:35,26.5,0
108,서울,2023-08-05 05:36,26.5,0
108,서울,2023-08-05 05:37,26.5,0
108,서울,2023-08-05 05:38,26.5,0
108,서울,2023-08-05 05:39,26.5,0
108,서울,2023-08-05 05:40,26.5,0
108,서울,2023-08-05 05:41,26.5,0
108,서울,2023-08-05 05:42,26.5,0
108,서울,2023-08-05 05:43,26.5,0
108,서울,2023-08-05 05:44,26.5,0
108,서울,2023-08-05 05:45,26.5,0
108,서울,2023-08-05 05:46,26.5,0
108,서울,2023-08-05 05:47,26.5,0
108,서울,2023-08-05 05:48,26.5,0
108,서울,2023-08-05 05:49,26.5,0
108,서울,2023-08-05 05:50,26.5,0
108,서울,2023-08-05 05:51,26.5,0
108,서울,2023-08-05 05:52,26.5,0
108,서울,2023-08-05 05:53,26.5,0
108,서울,2023-08-05 05:54,26.5,0
108,서울,2023-08-05 05:55,26.5,0
108,서울,2023-08-05 05:56,26.5,0
108,서울,2023-08-05 05:57,26.5,0
108,서울,2023-08-05 05:58,26.5,0
108,서울,2023-08-05 05:59,26.5,0
108,서울,2023-08-05 06:00,26.5,0
108,서울,2023-08-05 06:01,26.5,0
108,서울,2023-08-05 06:02,26.5,0
108,서울,2023-08-05 06:03,26.5,0
108,서울,2023-08-05 06:04,26.5,0
108,서울,2023-08-05 06:05,26.5,0
108,서울,2023-08-05 06:06,26.5,0
108,서울,2023-08-05 06:07,26.5,0
108,서울,2023-08-05 06:08,26.5,0
108,서울,2023-08-05 06:09,26.5,0
108,서울,2023-08-05 06:10,26.5,0
108,서울,2023-08-05 06:11,26.4,0
108,서울,2023-08-05 06:12,26.5,0
108,서울,2023-08-05 06:13,26.4,0
108,서울,2023-08-05 06:14,26.4,0
108,서울,2023-08-05 06:15,26.4,0
108,서울,2023-08-05 06:16,26.4,0
108,서울,2023-08-05 06:17,26.4,0
108,서울,2023-08-05 06:18,26.4,0
108,서울,2023-08-05 06:19,26.4,0
108,서울,2023-08-05 06:20,26.4,0
108,서울,2023-08-05 06:21,26.4,0
108,서울,2023-08-05 06:22,26.4,0
108,서울,2023-08-05 06:23,26.4,0
108,서울,2023-08-05 06:24,26.4,0
108,서울,2023-08-05 06:25,26.5,0
108,서울,2023-08-05 06:26,26.5,0
108,서울,2023-08-05 06:27,26.5,0
108,서울,2023-08-05 06:28,26.5,0
108,서울,2023-08-05 06:29,26.5,0
108,서울,2023-08-05 06:30,26.5,0
108,서울,2023-08-05 06:31,26.5,0
108,서울,2023-08-05 06:32,26.5,0
108,서울,2023-08-05 06:33,26.5,0
108,서울,2023-08-05 06:34,26.5,0
108,서울,2023-08-05 06:35,26.5,0
108,서울,2023-08-05 06:36,26.5,0
108,서울,2023-08-05 06:37,26.5,0
108,서울,2023-08-05 06:38,26.5,0
108,서울,2023-08-05 06:39,26.5,0
108,서울,2023-08-05 06:40,26.5,0
108,서울,2023-08-05 06:41,26.6,0
108,서울,2023-08-05 06:42,26.6,0
108,서울,2023-08-05 06:43,26.6,0
108,서울,2023-08-05 06:44,26.6,0
108,서울,2023-08-05 06:45,26.6,0
108,서울,2023-08-05 06:46,26.6,0
108,서울,2023-08-05 06:47,26.7,0
108,서울,2023-08-05 06:48,26.7,0
108,서울,2023-08-05 06:49,26.7,0
108,서울,2023-08-05 06:50,26.7,0
108,서울,2023-08-05 06:51,26.7,0
108,서울,2023-08-05 06:52,26.7,0
108,서울,2023-08-05 06:53,26.8,0
108,서울,2023-08-05 06:54,26.8,0
108,서울,2023-08-05 06:55,26.8,0
108,서울,2023-08-05 06:56,26.8,0
108,서울,2023-08-05 06:57,26.8,0
108,서울,2023-08-05 06:58,26.8,0
108,서울,2023-08-05 06:59,26.9,0
108,서울,2023-08-05 07:00,26.9,0
108,서울,2023-08-05 07:01,26.9,0
108,서울,2023-08-05 07:02,26.9,0
108,서울,2023-08-05 07:03,26.9,0
108,서울,2023-08-05 07:04,27,0
108,서울,2023-08-05 07:05,27,0
108,서울,2023-08-05 07:06,27,0
108,서울,2023-08-05 07:07,27,0
108,서울,2023-08-05 07:08,27,0
108,서울,2023-08-05 07:09,27.1,0
108,서울,2023-08-05 07:10,27.1,0
108,서울,2023-08-05 07:11,27.1,0
108,서울,2023-08-05 07:12,27.1,0
108,서울,2023-08-05 07:13,27.1,0
108,서울,2023-08-05 07:14,27.1,0
108,서울,2023-08-05 07:15,27.1,0
108,서울,2023-08-05 07:16,27.1,0
108,서울,2023-08-05 07:17,27.1,0
108,서울,2023-08-05 07:18,27.1,0
108,서울,2023-08-05 07:19,27.1,0
108,서울,2023-08-05 07:20,27.2,0
108,서울,2023-08-05 07:21,27.2,0
108,서울,2023-08-05 07:22,27.2,0
108,서울,2023-08-05 07:23,27.2,0
108,서울,2023-08-05 07:24,27.2,0
108,서울,2023-08-05 07:25,27.2,0
108,서울,2023-08-05 07:26,27.2,0
108,서울,2023-08-05 07:27,27.3,0
108,서울,2023-08-05 07:28,27.3,0
108,서울,2023-08-05 07:29,27.3,0
108,서울,2023-08-05 07:30,27.3,0
108,서울,2023-08-05 07:31,27.4,0
108,서울,2023-08-05 07:32,27.4,0
108,서울,2023-08-05 07:33,27.4,0
108,서울,2023-08-05 07:34,27.5,0
108,서울,2023-08-05 07:35,27.5,0
108,서울,2023-08-05 07:36,27.5,0
108,서울,2023-08-05 07:37,27.6,0
108,서울,2023-08-05 07:38,27.6,0
108,서울,2023-08-05 07:39,27.6,0
108,서울,2023-08-05 07:40,27.6,0
108,서울,2023-08-05 07:41,27.6,0
108,서울,2023-08-05 07:42,27.6,0
108,서울,2023-08-05 07:43,27.7,0
108,서울,2023-08-05 07:44,27.7,0
108,서울,2023-08-05 07:45,27.7,0
108,서울,2023-08-05 07:46,27.7,0
108,서울,2023-08-05 07:47,27.8,0
108,서울,2023-08-05 07:48,27.8,0
108,서울,2023-08-05 07:49,27.8,0
108,서울,2023-08-05 07:50,27.9,0
108,서울,2023-08-05 07:51,27.9,0
108,서울,2023-08-05 07:52,27.9,0
108,서울,2023-08-05 07:53,27.9,0
108,서울,2023-08-05 07:54,27.9,0
108,서울,2023-08-05 07:55,27.9,0
108,서울,2023-08-05 07:56,28,0
108,서울,2023-08-05 07:57,28,0
108,서울,2023-08-05 07:58,28,0
108,서울,2023-08-05 07:59,28.1,0
108,서울,2023-08-05 08:00,28.1,0
108,서울,2023-08-05 08:01,28.1,0
108,서울,2023-08-05 08:02,28.1,0
108,서울,2023-08-05 08:03,28.2,0
108,서울,2023-08-05 08:04,28.2,0
108,서울,2023-08-05 08:05,28.2,0
108,서울,2023-08-05 08:06,28.2,0
108,서울,2023-08-05 08:07,28.2,0
108,서울,2023-08-05 08:08,28.2,0
108,서울,2023-08-05 08:09,28.3,0
108,서울,2023-08-05 08:10,28.3,0
108,서울,2023-08-05 08:11,28.3,0
108,서울,2023-08-05 08:12,28.3,0
108,서울,2023-08-05 08:13,28.3,0
108,서울,2023-08-05 08:14,28.3,0
108,서울,2023-08-05 08:15,28.3,0
108,서울,2023-08-05 08:16,28.4,0
108,서울,2023-08-05 08:17,28.4,0
108,서울,2023-08-05 08:18,28.4,0
108,서울,2023-08-05 08:19,28.4,0
108,서울,2023-08-05 08:20,28.5,0
108,서울,2023-08-05 08:21,28.5,0
108,서울,2023-08-05 08:22,28.5,0
108,서울,2023-08-05 08:23,28.5,0
108,서울,2023-08-05 08:24,28.5,0
108,서울,2023-08-05 08:25,28.6,0
108,서울,2023-08-05 08:26,28.6,0
108,서울,2023-08-05 08:27,28.6,0
108,서울,2023-08-05 08:28,28.6,0
108,서울,2023-08-05 08:29,28.7,0
108,서울,2023-08-05 08:30,28.7,0
108,서울,2023-08-05 08:31,28.7,0
108,서울,2023-08-05 08:32,28.8,0
108,서울,2023-08-05 08:33,28.8,0
108,서울,2023-08-05 08:34,28.8,0
108,서울,2023-08-05 08:35,28.8,0
108,서울,2023-08-05 08:36,28.9,0
108,서울,2023-08-05 08:37,28.9,0
108,서울,2023-08-05 08:38,29,0
108,서울,2023-08-05 08:39,29,0
108,서울,2023-08-05 08:40,29,0
108,서울,2023-08-05 08:41,29,0
108,서울,2023-08-05 08:42,29,0
108,서울,2023-08-05 08:43,29,0
108,서울,2023-08-05 08:44,29,0
108,서울,2023-08-05 08:45,29.1,0
108,서울,2023-08-05 08:46,29.1,0
108,서울,2023-08-05 08:47,29.1,0
108,서울,2023-08-05 08:48,29.1,0
108,서울,2023-08-05 08:49,29.1,0
108,서울,2023-08-05 08:50,29.1,0
108,서울,2023-08-05 08:51,29.1,0
108,서울,2023-08-05 08:52,29.1,0
108,서울,2023-08-05 08:53,29.1,0
108,서울,2023-08-05 08:54,29.2,0
108,서울,2023-08-05 08:55,29.2,0
108,서울,2023-08-05 08:56,29.3,0
108,서울,2023-08-05 08:57,29.3,0
108,서울,2023-08-05 08:58,29.3,0
108,서울,2023-08-05 08:59,29.4,0
108,서울,2023-08-05 09:00,29.4,0
108,서울,2023-08-05 09:01,29.4,0
108,서울,2023-08-05 09:02,29.4,0
108,서울,2023-08-05 09:03,29.4,0
108,서울,2023-08-05 09:04,29.5,0
108,서울,2023-08-05 09:05,29.4,0
108,서울,2023-08-05 09:06,29.5,0
108,서울,2023-08-05 09:07,29.5,0
108,서울,2023-08-05 09:08,29.5,0
108,서울,2023-08-05 09:09,29.5,0
108,서울,2023-08-05 09:10,29.5,0
108,서울,2023-08-05 09:11,29.5,0
108,서울,2023-08-05 09:12,29.5,0
108,서울,2023-08-05 09:13,29.6,0
108,서울,2023-08-05 09:14,29.6,0
108,서울,2023-08-05 09:15,29.7,0
108,서울,2023-08-05 09:16,29.7,0
108,서울,2023-08-05 09:17,29.7,0
108,서울,2023-08-05 09:18,29.8,0
108,서울,2023-08-05 09:19,29.8,0
108,서울,2023-08-05 09:20,29.8,0
108,서울,2023-08-05 09:21,29.8,0
108,서울,2023-08-05 09:22,29.9,0
108,서울,2023-08-05 09:23,29.9,0
108,서울,2023-08-05 09:24,29.9,0
108,서울,2023-08-05 09:25,29.9,0
108,서울,2023-08-05 09:26,29.9,0
108,서울,2023-08-05 09:27,29.9,0
108,서울,2023-08-05 09:28,29.9,0
108,서울,2023-08-05 09:29,30,0
108,서울,2023-08-05 09:30,30,0
108,서울,2023-08-05 09:31,30.1,0
108,서울,2023-08-05 09:32,30.1,0
108,서울,2023-08-05 09:33,30.1,0
108,서울,2023-08-05 09:34,30.1,0
108,서울,2023-08-05 09:35,30.1,0
108,서울,2023-08-05 09:36,30.1,0
108,서울,2023-08-05 09:37,30.1,0
108,서울,2023-08-05 09:38,30.2,0
108,서울,2023-08-05 09:39,30.2,0
108,서울,2023-08-05 09:40,30.2,0
108,서울,2023-08-05 09:41,30.3,0
108,서울,2023-08-05 09:42,30.3,0
108,서울,2023-08-05 09:43,30.3,0
108,서울,2023-08-05 09:44,30.3,0
108,서울,2023-08-05 09:45,30.3,0
108,서울,2023-08-05 09:46,30.3,0
108,서울,2023-08-05 09:47,30.3,0
108,서울,2023-08-05 09:48,30.4,0
108,서울,2023-08-05 09:49,30.4,0
108,서울,2023-08-05 09:50,30.4,0
108,서울,2023-08-05 09:51,30.4,0
108,서울,2023-08-05 09:52,30.4,0
108,서울,2023-08-05 09:53,30.4,0
108,서울,2023-08-05 09:54,30.5,0
108,서울,2023-08-05 09:55,30.6,0
108,서울,2023-08-05 09:56,30.7,0
108,서울,2023-08-05 09:57,30.7,0
108,서울,2023-08-05 09:58,30.7,0
108,서울,2023-08-05 09:59,30.7,0
108,서울,2023-08-05 10:00,30.7,0
108,서울,2023-08-05 10:01,30.7,0
108,서울,2023-08-05 10:02,30.7,0
108,서울,2023-08-05 10:03,30.8,0
108,서울,2023-08-05 10:04,30.8,0
108,서울,2023-08-05 10:05,30.8,0
108,서울,2023-08-05 10:06,30.8,0
108,서울,2023-08-05 10:07,30.9,0
108,서울,2023-08-05 10:08,30.9,0
108,서울,2023-08-05 10:09,30.9,0
108,서울,2023-08-05 10:10,30.9,0
108,서울,2023-08-05 10:11,30.9,0
108,서울,2023-08-05 10:12,30.9,0
108,서울,2023-08-05 10:13,30.9,0
108,서울,2023-08-05 10:14,30.9,0
108,서울,2023-08-05 10:15,30.9,0
108,서울,2023-08-05 10:16,30.9,0
108,서울,2023-08-05 10:17,30.9,0
108,서울,2023-08-05 10:18,31,0
108,서울,2023-08-05 10:19,31.1,0
108,서울,2023-08-05 10:20,31.1,0
108,서울,2023-08-05 10:21,31.1,0
108,서울,2023-08-05 10:22,31.1,0
108,서울,2023-08-05 10:23,31.1,0
108,서울,2023-08-05 10:24,31.1,0
108,서울,2023-08-05 10:25,31.1,0
108,서울,2023-08-05 10:26,31.1,0
108,서울,2023-08-05 10:27,31.1,0
108,서울,2023-08-05 10:28,31,0
108,서울,2023-08-05 10:29,31.1,0
108,서울,2023-08-05 10:30,31,0
108,서울,2023-08-05 10:31,31.1,0
108,서울,2023-08-05 10:32,31.1,0
108,서울,2023-08-05 10:33,31.1,0
108,서울,2023-08-05 10:34,31.2,0
108,서울,2023-08-05 10:35,31.2,0
108,서울,2023-08-05 10:36,31.2,0
108,서울,2023-08-05 10:37,31.3,0
108,서울,2023-08-05 10:38,31.3,0
108,서울,2023-08-05 10:39,31.4,0
108,서울,2023-08-05 10:40,31.4,0
108,서울,2023-08-05 10:41,31.4,0
108,서울,2023-08-05 10:42,31.4,0
108,서울,2023-08-05 10:43,31.4,0
108,서울,2023-08-05 10:44,31.4,0
108,서울,2023-08-05 10:45,31.4,0
108,서울,2023-08-05 10:46,31.5,0
108,서울,2023-08-05 10:47,31.5,0
108,서울,2023-08-05 10:48,31.5,0
108,서울,2023-08-05 10:49,31.6,0
108,서울,2023-08-05 10:50,31.6,0
108,서울,2023-08-05 10:51,31.7,0
108,서울,2023-08-05 10:52,31.7,0
108,서울,2023-08-05 10:53,31.7,0
108,서울,2023-08-05 10:54,31.7,0
108,서울,2023-08-05 10:55,31.7,0
108,서울,2023-08-05 10:56,31.8,0
108,서울,2023-08-05 10:57,31.9,0
108,서울,2023-08-05 10:58,31.9,0
108,서울,2023-08-05 10:59,31.9,0
108,서울,2023-08-05 11:00,31.9,0
108,서울,2023-08-05 11:01,31.9,0
108,서울,2023-08-05 11:02,31.9,0
108,서울,2023-08-05 11:03,32,0
108,서울,2023-08-05 11:04,32,0
108,서울,2023-08-05 11:05,32,0
108,서울,2023-08-05 11:06,32,0
108,서울,2023-08-05 11:07,32.1,0
108,서울,2023-08-05 11:08,32.1,0
108,서울,2023-08-05 11:09,32.1,0
108,서울,2023-08-05 11:10,32.1,0
108,서울,2023-08-05 11:11,32.1,0
108,서울,2023-08-05 11:12,32.1,0
108,서울,2023-08-05 11:13,32.1,0
108,서울,2023-08-05 11:14,32.1,0
108,서울,2023-08-05 11:15,32.1,0
108,서울,2023-08-05 11:16,32.1,0
108,서울,2023-08-05 11:17,32.1,0
108,서울,2023-08-05 11:18,32.1,0
108,서울,2023-08-05 11:19,32.1,0
108,서울,2023-08-05 11:20,32.1,0
108,서울,2023-08-05 11:21,32.1,0
108,서울,2023-08-05 11:22,32.1,0
108,서울,2023-08-05 11:23,32.2,0
108,서울,2023-08-05 11:24,32.2,0
108,서울,2023-08-05 11:25,32.2,0
108,서울,2023-08-05 11:26,32.2,0
108,서울,2023-08-05 11:27,32.2,0
108,서울,2023-08-05 11:28,32.3,0
108,서울,2023-08-05 11:29,32.3,0
108,서울,2023-08-05 11:30,32.3,0
108,서울,2023-08-05 11:31,32.3,0
108,서울,2023-08-05 11:32,32.3,0
108,서울,2023-08-05 11:33,32.3,0
108,서울,2023-08-05 11:34,32.4,0
108,서울,2023-08-05 11:35,32.4,0
108,서울,2023-08-05 11:36,32.4,0
108,서울,2023-08-05 11:37,32.5,0
108,서울,2023-08-05 11:38,32.5,0
108,서울,2023-08-05 11:39,32.5,0
108,서울,2023-08-05 11:40,32.4,0
108,서울,2023-08-05 11:41,32.4,0
108,서울,2023-08-05 11:42,32.4,0
108,서울,2023-08-05 11:43,32.4,0
108,서울,2023-08-05 11:44,32.5,0
108,서울,2023-08-05 11:45,32.5,0
108,서울,2023-08-05 11:46,32.5,0
108,서울,2023-08-05 11:47,32.5,0
108,서울,2023-08-05 11:48,32.5,0
108,서울,2023-08-05 11:49,32.5,0
108,서울,2023-08-05 11:50,32.5,0
108,서울,2023-08-05 11:51,32.5,0
108,서울,2023-08-05 11:52,32.6,0
108,서울,2023-08-05 11:53,32.6,0
108,서울,2023-08-05 11:54,32.7,0
108,서울,2023-08-05 11:55,32.7,0
108,서울,2023-08-05 11:56,32.7,0
108,서울,2023-08-05 11:57,32.6,0
108,서울,2023-08-05 11:58,32.6,0
108,서울,2023-08-05 11:59,32.5,0
108,서울,2023-08-05 12:00,32.6,0
108,서울,2023-08-05 12:01,32.6,0
108,서울,2023-08-05 12:02,32.6,0
108,서울,2023-08-05 12:03,32.6,0
108,서울,2023-08-05 12:04,32.7,0
108,서울,2023-08-05 12:05,32.8,0
108,서울,2023-08-05 12:06,32.8,0
108,서울,2023-08-05 12:07,32.9,0
108,서울,2023-08-05 12:08,32.9,0
108,서울,2023-08-05 12:09,33,0
108,서울,2023-08-05 12:10,33,0
108,서울,2023-08-05 12:11,33,0
108,서울,2023-08-05 12:12,32.9,0
108,서울,2023-08-05 12:13,32.8,0
108,서울,2023-08-05 12:14,32.7,0
108,서울,2023-08-05 12:15,32.7,0
108,서울,2023-08-05 12:16,32.8,0
108,서울,2023-08-05 12:17,32.8,0
108,서울,2023-08-05 12:18,32.8,0
108,서울,2023-08-05 12:19,32.8,0
108,서울,2023-08-05 12:20,32.8,0
108,서울,2023-08-05 12:21,32.8,0
108,서울,2023-08-05 12:22,32.8,0
108,서울,2023-08-05 12:23,32.8,0
108,서울,2023-08-05 12:24,32.8,0
108,서울,2023-08-05 12:25,32.9,0
108,서울,2023-08-05 12:26,32.9,0
108,서울,2023-08-05 12:27,32.9,0
108,서울,2023-08-05 12:28,32.9,0
108,서울,2023-08-05 12:29,32.9,0
108,서울,2023-08-05 12:30,32.9,0
108,서울,2023-08-05 12:31,32.9,0
108,서울,2023-08-05 12:32,32.9,0
108,서울,2023-08-05 12:33,32.9,0
108,서울,2023-08-05 12:34,32.9,0
108,서울,2023-08-05 12:35,33,0
108,서울,2023-08-05 12:36,32.9,0
108,서울,2023-08-05 12:37,33,0
108,서울,2023-08-05 12:38,33,0
108,서울,2023-08-05 12:39,33,0
108,서울,2023-08-05 12:40,33,0
108,서울,2023-08-05 12:41,33,0
108,서울,2023-08-05 12:42,33.1,0
108,서울,2023-08-05 12:43,33.2,0
108,서울,2023-08-05 12:44,33.3,0
108,서울,2023-08-05 12:45,33.4,0
108,서울,2023-08-05 12:46,33.5,0
108,서울,2023-08-05 12:47,33.5,0
108,서울,2023-08-05 12:48,33.5,0
108,서울,2023-08-05 12:49,33.5,0
108,서울,2023-08-05 12:50,33.5,0
108,서울,2023-08-05 12:51,33.5,0
108,서울,2023-08-05 12:52,33.5,0
108,서울,2023-08-05 12:53,33.5,0
108,서울,2023-08-05 12:54,33.5,0
108,서울,2023-08-05 12:55,33.5,0
108,서울,2023-08-05 12:56,33.5,0
108,서울,2023-08-05 12:57,33.5,0
108,서울,2023-08-05 12:58,33.6,0
108,서울,2023-08-05 12:59,33.5,0
108,서울,2023-08-05 13:00,33.5,0
108,서울,2023-08-05 13:01,33.5,0
108,서울,2023-08-05 13:02,33.5,0
108,서울,2023-08-05 13:03,33.6,0
108,서울,2023-08-05 13:04,33.7,0
108,서울,2023-08-05 13:05,33.7,0
108,서울,2023-08-05 13:06,33.8,0
108,서울,2023-08-05 13:07,33.8,0
108,서울,2023-08-05 13:08,33.7,0
108,서울,2023-08-05 13:09,33.7,0
108,서울,2023-08-05 13:10,33.7,0
108,서울,2023-08-05 13:11,33.6,0
108,서울,2023-08-05 13:12,33.6,0
108,서울,2023-08-05 13:13,33.6,0
108,서울,2023-08-05 13:14,33.5,0
108,서울,2023-08-05 13:15,33.5,0
108,서울,2023-08-05 13:16,33.4,0
108,서울,2023-08-05 13:17,33.4,0
108,서울,2023-08-05 13:18,33.4,0
108,서울,2023-08-05 13:19,33.4,0
108,서울,2023-08-05 13:20,33.5,0
108,서울,2023-08-05 13:21,33.6,0
108,서울,2023-08-05 13:22,33.6,0
108,서울,2023-08-05 13:23,33.7,0
108,서울,2023-08-05 13:24,33.7,0
108,서울,2023-08-05 13:25,33.8,0
108,서울,2023-08-05 13:26,33.8,0
108,서울,2023-08-05 13:27,33.9,0
108,서울,2023-08-05 13:28,33.9,0
108,서울,2023-08-05 13:29,34,0
108,서울,2023-08-05 13:30,34,0
108,서울,2023-08-05 13:31,34,0
108,서울,2023-08-05 13:32,34,0
108,서울,2023-08-05 13:33,34,0
108,서울,2023-08-05 13:34,34,0
108,서울,2023-08-05 13:35,34,0
108,서울,2023-08-05 13:36,34,0
108,서울,2023-08-05 13:37,34.1,0
108,서울,2023-08-05 13:38,34.1,0
108,서울,2023-08-05 13:39,34.1,0
108,서울,2023-08-05 13:40,34.1,0
108,서울,2023-08-05 13:41,34.2,0
108,서울,2023-08-05 13:42,34.2,0
108,서울,2023-08-05 13:43,34.2,0
108,서울,2023-08-05 13:44,34.3,0
108,서울,2023-08-05 13:45,34.3,0
108,서울,2023-08-05 13:46,34.3,0
108,서울,2023-08-05 13:47,34.3,0
108,서울,2023-08-05 13:48,34.3,0
108,서울,2023-08-05 13:49,34.2,0
108,서울,2023-08-05 13:50,34.2,0
108,서울,2023-08-05 13:51,34.3,0
108,서울,2023-08-05 13:52,34.3,0
108,서울,2023-08-05 13:53,34.3,0
108,서울,2023-08-05 13:54,34.3,0
108,서울,2023-08-05 13:55,34.3,0
108,서울,2023-08-05 13:56,34.3,0
108,서울,2023-08-05 13:57,34.2,0
108,서울,2023-08-05 13:58,34.2,0
108,서울,2023-08-05 13:59,34.2,0
108,서울,2023-08-05 14:00,34.2,0
108,서울,2023-08-05 14:01,34.2,0
108,서울,2023-08-05 14:02,34.2,0
108,서울,2023-08-05 14:03,34.2,0
108,서울,2023-08-05 14:04,34.2,0
108,서울,2023-08-05 14:05,34.1,0
108,서울,2023-08-05 14:06,34.2,0
108,서울,2023-08-05 14:07,34.2,0
108,서울,2023-08-05 14:08,34.2,0
108,서울,2023-08-05 14:09,34.2,0
108,서울,2023-08-05 14:10,34.2,0
108,서울,2023-08-05 14:11,34.2,0
108,서울,2023-08-05 14:12,34.2,0
108,서울,2023-08-05 14:13,34.2,0
108,서울,2023-08-05 14:14,34.3,0
108,서울,2023-08-05 14:15,34.3,0
108,서울,2023-08-05 14:16,34.3,0
108,서울,2023-08-05 14:17,34.2,0
108,서울,2023-08-05 14:18,34,0
108,서울,2023-08-05 14:19,34,0
108,서울,2023-08-05 14:20,33.9,0
108,서울,2023-08-05 14:21,33.9,0
108,서울,2023-08-05 14:22,33.9,0
108,서울,2023-08-05 14:23,33.9,0
108,서울,2023-08-05 14:24,34,0
108,서울,2023-08-05 14:25,34,0
108,서울,2023-08-05 14:26,34,0
108,서울,2023-08-05 14:27,34,0
108,서울,2023-08-05 14:28,33.9,0
108,서울,2023-08-05 14:29,33.9,0
108,서울,2023-08-05 14:30,33.8,0
108,서울,2023-08-05 14:31,33.7,0
108,서울,2023-08-05 14:32,33.7,0
108,서울,2023-08-05 14:33,33.7,0
108,서울,2023-08-05 14:34,33.8,0
108,서울,2023-08-05 14:35,33.9,0
108,서울,2023-08-05 14:36,33.9,0
108,서울,2023-08-05 14:37,34,0
108,서울,2023-08-05 14:38,34,0
108,서울,2023-08-05 14:39,34,0
108,서울,2023-08-05 14:40,34.1,0
108,서울,2023-08-05 14:41,34.1,0
108,서울,2023-08-05 14:42,34.1,0
108,서울,2023-08-05 14:43,34.1,0
108,서울,2023-08-05 14:44,34.1,0
108,서울,2023-08-05 14:45,34.1,0
108,서울,2023-08-05 14:46,34.2,0
108,서울,2023-08-05 14:47,34.2,0
108,서울,2023-08-05 14:48,34.3,0
108,서울,2023-08-05 14:49,34.3,0
108,서울,2023-08-05 14:50,34.3,0
108,서울,2023-08-05 14:51,34.4,0
108,서울,2023-08-05 14:52,34.4,0
108,서울,2023-08-05 14:53,34.4,0
108,서울,2023-08-05 14:54,34.4,0
108,서울,2023-08-05 14:55,34.4,0
108,서울,2023-08-05 14:56,34.4,0
108,서울,2023-08-05 14:57,34.4,0
108,서울,2023-08-05 14:58,34.4,0
108,서울,2023-08-05 14:59,34.4,0
108,서울,2023-08-05 15:00,34.4,0
108,서울,2023-08-05 15:01,34.5,0
108,서울,2023-08-05 15:02,34.5,0
108,서울,2023-08-05 15:03,34.5,0
108,서울,2023-08-05 15:04,34.5,0
108,서울,2023-08-05 15:05,34.5,0
108,서울,2023-08-05 15:06,34.5,0
108,서울,2023-08-05 15:07,34.5,0
108,서울,2023-08-05 15:08,34.5,0
108,서울,2023-08-05 15:09,34.5,0
108,서울,2023-08-05 15:10,34.6,0
108,서울,2023-08-05 15:11,34.6,0
108,서울,2023-08-05 15:12,34.5,0
108,서울,2023-08-05 15:13,34.5,0
108,서울,2023-08-05 15:14,34.4,0
108,서울,2023-08-05 15:15,34.4,0
108,서울,2023-08-05 15:16,34.4,0
108,서울,2023-08-05 15:17,34.4,0
108,서울,2023-08-05 15:18,34.4,0
108,서울,2023-08-05 15:19,34.4,0
108,서울,2023-08-05 15:20,34.4,0
108,서울,2023-08-05 15:21,34.4,0
108,서울,2023-08-05 15:22,34.4,0
108,서울,2023-08-05 15:23,34.4,0
108,서울,2023-08-05 15:24,34.4,0
108,서울,2023-08-05 15:25,34.4,0
108,서울,2023-08-05 15:26,34.4,0
108,서울,2023-08-05 15:27,34.4,0
108,서울,2023-08-05 15:28,34.5,0
108,서울,2023-08-05 15:29,34.5,0
108,서울,2023-08-05 15:30,34.5,0
108,서울,2023-08-05 15:31,34.5,0
108,서울,2023-08-05 15:32,34.5,0
108,서울,2023-08-05 15:33,34.5,0
108,서울,2023-08-05 15:34,34.5,0
108,서울,2023-08-05 15:35,34.6,0
108,서울,2023-08-05 15:36,34.6,0
108,서울,2023-08-05 15:37,34.6,0
108,서울,2023-08-05 15:38,34.6,0
108,서울,2023-08-05 15:39,34.6,0
108,서울,2023-08-05 15:40,34.6,0
108,서울,2023-08-05 15:41,34.6,0
108,서울,2023-08-05 15:42,34.7,0
108,서울,2023-08-05 15:43,34.7,0
108,서울,2023-08-05 15:44,34.7,0
108,서울,2023-08-05 15:45,34.7,0
108,서울,2023-08-05 15:46,34.8,0
108,서울,2023-08-05 15:47,34.8,0
108,서울,2023-08-05 15:48,34.9,0
108,서울,2023-08-05 15:49,34.8,0
108,서울,2023-08-05 15:50,34.8,0
108,서울,2023-08-05 15:51,34.7,0
108,서울,2023-08-05 15:52,34.7,0
108,서울,2023-08-05 15:53,34.7,0
108,서울,2023-08-05 15:54,34.7,0
108,서울,2023-08-05 15:55,34.7,0
108,서울,2023-08-05 15:56,34.7,0
108,서울,2023-08-05 15:57,34.7,0
108,서울,2023-08-05 15:58,34.8,0
108,서울,2023-08-05 15:59,34.9,0
108,서울,2023-08-05 16:00,34.9,0
108,서울,2023-08-05 16:01,34.9,0
108,서울,2023-08-05 16:02,34.9,0
108,서울,2023-08-05 16:03,34.9,0
108,서울,2023-08-05 16:04,34.8,0
108,서울,2023-08-05 16:05,34.9,0
108,서울,2023-08-05 16:06,34.9,0
108,서울,2023-08-05 16:07,34.9,0
108,서울,2023-08-05 16:08,34.9,0
108,서울,2023-08-05 16:09,34.9,0
108,서울,2023-08-05 16:10,34.9,0
108,서울,2023-08-05 16:11,34.9,0
108,서울,2023-08-05 16:12,34.8,0
108,서울,2023-08-05 16:13,34.8,0
108,서울,2023-08-05 16:14,34.8,0
108,서울,2023-08-05 16:15,34.7,0
108,서울,2023-08-05 16:16,34.7,0
108,서울,2023-08-05 16:17,34.7,0
108,서울,2023-08-05 16:18,34.7,0
108,서울,2023-08-05 16:19,34.6,0
108,서울,2023-08-05 16:20,34.6,0
108,서울,2023-08-05 16:21,34.6,0
108,서울,2023-08-05 16:22,34.6,0
108,서울,2023-08-05 16:23,34.6,0
108,서울,2023-08-05 16:24,34.6,0
108,서울,2023-08-05 16:25,34.6,0
108,서울,2023-08-05 16:26,34.6,0
108,서울,2023-08-05 16:27,34.6,0
108,서울,2023-08-05 16:28,34.7,0
108,서울,2023-08-05 16:29,34.7,0
108,서울,2023-08-05 16:30,34.7,0
108,서울,2023-08-05 16:31,34.7,0
108,서울,2023-08-05 16:32,34.7,0
108,서울,2023-08-05 16:33,34.8,0
108,서울,2023-08-05 16:34,34.8,0
108,서울,2023-08-05 16:35,34.7,0
108,서울,2023-08-05 16:36,34.7,0
108,서울,2023-08-05 16:37,34.7,0
108,서울,2023-08-05 16:38,34.7,0
108,서울,2023-08-05 16:39,34.7,0
108,서울,2023-08-05 16:40,34.7,0
108,서울,2023-08-05 16:41,34.7,0
108,서울,2023-08-05 16:42,34.7,0
108,서울,2023-08-05 16:43,34.7,0
108,서울,2023-08-05 16:44,34.7,0
108,서울,2023-08-05 16:45,34.7,0
108,서울,2023-08-05 16:46,34.7,0
108,서울,2023-08-05 16:47,34.7,0
108,서울,2023-08-05 16:48,34.7,0
108,서울,2023-08-05 16:49,34.7,0
108,서울,2023-08-05 16:50,34.7,0
108,서울,2023-08-05 16:51,34.7,0
108,서울,2023-08-05 16:52,34.7,0
108,서울,2023-08-05 16:53,34.6,0
108,서울,2023-08-05 16:54,34.6,0
108,서울,2023-08-05 16:55,34.5,0
108,서울,2023-08-05 16:56,34.4,0
108,서울,2023-08-05 16:57,34.4,0
108,서울,2023-08-05 16:58,34.4,0
108,서울,2023-08-05 16:59,34.4,0
108,서울,2023-08-05 17:00,34.5,0
108,서울,2023-08-05 17:01,34.5,0
108,서울,2023-08-05 17:02,34.5,0
108,서울,2023-08-05 17:03,34.5,0
108,서울,2023-08-05 17:04,34.5,0
108,서울,2023-08-05 17:05,34.5,0
108,서울,2023-08-05 17:06,34.4,0
108,서울,2023-08-05 17:07,34.4,0
108,서울,2023-08-05 17:08,34.4,0
108,서울,2023-08-05 17:09,34.4,0
108,서울,2023-08-05 17:10,34.3,0
108,서울,2023-08-05 17:11,34.3,0
108,서울,2023-08-05 17:12,34.3,0
108,서울,2023-08-05 17:13,34.3,0
108,서울,2023-08-05 17:14,34.3,0
108,서울,2023-08-05 17:15,34.3,0
108,서울,2023-08-05 17:16,34.3,0
108,서울,2023-08-05 17:17,34.3,0
108,서울,2023-08-05 17:18,34.3,0
108,서울,2023-08-05 17:19,34.3,0
108,서울,2023-08-05 17:20,34.3,0
108,서울,2023-08-05 17:21,34.2,0
108,서울,2023-08-05 17:22,34.1,0
108,서울,2023-08-05 17:23,34.1,0
108,서울,2023-08-05 17:24,34.1,0
108,서울,2023-08-05 17:25,34.1,0
108,서울,2023-08-05 17:26,34.1,0
108,서울,2023-08-05 17:27,34.1,0
108,서울,2023-08-05 17:28,34.1,0
108,서울,2023-08-05 17:29,34.1,0
108,서울,2023-08-05 17:30,34.1,0
108,서울,2023-08-05 17:31,34.1,0
108,서울,2023-08-05 17:32,34.1,0
108,서울,2023-08-05 17:33,34.1,0
108,서울,2023-08-05 17:34,34.1,0
108,서울,2023-08-05 17:35,34.1,0
108,서울,2023-08-05 17:36,34.1,0
108,서울,2023-08-05 17:37,34,0
108,서울,2023-08-05 17:38,34,0
108,서울,2023-08-05 17:39,34,0
108,서울,2023-08-05 17:40,34,0
108,서울,2023-08-05 17:41,34,0
108,서울,2023-08-05 17:42,33.9,0
108,서울,2023-08-05 17:43,33.9,0
108,서울,2023-08-05 17:44,33.9,0
108,서울,2023-08-05 17:45,33.9,0
108,서울,2023-08-05 17:46,33.9,0
108,서울,2023-08-05 17:47,33.8,0
108,서울,2023-08-05 17:48,33.8,0
108,서울,2023-08-05 17:49,33.8,0
108,서울,2023-08-05 17:50,33.8,0
108,서울,2023-08-05 17:51,33.7,0
108,서울,2023-08-05 17:52,33.7,0
108,서울,2023-08-05 17:53,33.7,0
108,서울,2023-08-05 17:54,33.7,0
108,서울,2023-08-05 17:55,33.7,0
108,서울,2023-08-05 17:56,33.7,0
108,서울,2023-08-05 17:57,33.7,0
108,서울,2023-08-05 17:58,33.7,0
108,서울,2023-08-05 17:59,33.7,0
108,서울,2023-08-05 18:00,33.7,0
108,서울,2023-08-05 18:01,33.6,0
108,서울,2023-08-05 18:02,33.6,0
108,서울,2023-08-05 18:03,33.6,0
108,서울,2023-08-05 18:04,33.6,0
108,서울,2023-08-05 18:05,33.6,0
108,서울,2023-08-05 18:06,33.6,0
108,서울,2023-08-05 18:07,33.5,0
108,서울,2023-08-05 18:08,33.5,0
108,서울,2023-08-05 18:09,33.5,0
108,서울,2023-08-05 18:10,33.4,0
108,서울,2023-08-05 18:11,33.4,0
108,서울,2023-08-05 18:12,33.4,0
108,서울,2023-08-05 18:13,33.3,0
108,서울,2023-08-05 18:14,33.3,0
108,서울,2023-08-05 18:15,33.3,0
108,서울,2023-08-05 18:16,33.3,0
108,서울,2023-08-05 18:17,33.2,0
108,서울,2023-08-05 18:18,33.2,0
108,서울,2023-08-05 18:19,33.2,0
108,서울,2023-08-05 18:20,33.1,0
108,서울,2023-08-05 18:21,33.1,0
108,서울,2023-08-05 18:22,33,0
108,서울,2023-08-05 18:23,33,0
108,서울,2023-08-05 18:24,32.9,0
108,서울,2023-08-05 18:25,32.9,0
108,서울,2023-08-05 18:26,32.9,0
108,서울,2023-08-05 18:27,32.8,0
108,서울,2023-08-05 18:28,32.7,0
108,서울,2023-08-05 18:29,32.7,0
108,서울,2023-08-05 18:30,32.6,0
108,서울,2023-08-05 18:31,32.6,0
108,서울,2023-08-05 18:32,32.5,0
108,서울,2023-08-05 18:33,32.5,0
108,서울,2023-08-05 18:34,32.5,0
108,서울,2023-08-05 18:35,32.5,0
108,서울,2023-08-05 18:36,32.5,0
108,서울,2023-08-05 18:37,32.5,0
108,서울,2023-08-05 18:38,32.5,0
108,서울,2023-08-05 18:39,32.5,0
108,서울,2023-08-05 18:40,32.4,0
108,서울,2023-08-05 18:41,32.3,0
108,서울,2023-08-05 18:42,32.3,0
108,서울,2023-08-05 18:43,32.2,0
108,서울,2023-08-05 18:44,32.2,0
108,서울,2023-08-05 18:45,32.2,0
108,서울,2023-08-05 18:46,32.2,0
108,서울,2023-08-05 18:47,32.2,0
108,서울,2023-08-05 18:48,32.1,0
108,서울,2023-08-05 18:49,32.1,0
108,서울,2023-08-05 18:50,32,0
108,서울,2023-08-05 18:51,32,0
108,서울,2023-08-05 18:52,32,0
108,서울,2023-08-05 18:53,32,0
108,서울,2023-08-05 18:54,32,0
108,서울,2023-08-05 18:55,32,0
108,서울,2023-08-05 18:56,31.9,0
108,서울,2023-08-05 18:57,31.9,0
108,서울,2023-08-05 18:58,31.9,0
108,서울,2023-08-05 18:59,31.8,0
108,서울,2023-08-05 19:00,31.8,0
108,서울,2023-08-05 19:01,31.8,0
108,서울,2023-08-05 19:02,31.7,0
108,서울,2023-08-05 19:03,31.7,0
108,서울,2023-08-05 19:04,31.6,0
108,서울,2023-08-05 19:05,31.6,0
108,서울,2023-08-05 19:06,31.6,0
108,서울,2023-08-05 19:07,31.6,0
108,서울,2023-08-05 19:08,31.5,0
108,서울,2023-08-05 19:09,31.5,0
108,서울,2023-08-05 19:10,31.4,0
108,서울,2023-08-05 19:11,31.4,0
108,서울,2023-08-05 19:12,31.4,0
108,서울,2023-08-05 19:13,31.4,0
108,서울,2023-08-05 19:14,31.3,0
108,서울,2023-08-05 19:15,31.3,0
108,서울,2023-08-05 19:16,31.3,0
108,서울,2023-08-05 19:17,31.3,0
108,서울,2023-08-05 19:18,31.3,0
108,서울,2023-08-05 19:19,31.3,0
108,서울,2023-08-05 19:20,31.2,0
108,서울,2023-08-05 19:21,31.2,0
108,서울,2023-08-05 19:22,31.2,0
108,서울,2023-08-05 19:23,31.1,0
108,서울,2023-08-05 19:24,31.1,0
108,서울,2023-08-05 19:25,31.1,0
108,서울,2023-08-05 19:26,31.1,0
108,서울,2023-08-05 19:27,31,0
108,서울,2023-08-05 19:28,31,0
108,서울,2023-08-05 19:29,31,0
108,서울,2023-08-05 19:30,31,0
108,서울,2023-08-05 19:31,30.9,0
108,서울,2023-08-05 19:32,30.9,0
108,서울,2023-08-05 19:33,30.9,0
108,서울,2023-08-05 19:34,30.9,0
108,서울,2023-08-05 19:35,30.9,0
108,서울,2023-08-05 19:36,30.8,0
108,서울,2023-08-05 19:37,30.8,0
108,서울,2023-08-05 19:38,30.8,0
108,서울,2023-08-05 19:39,30.8,0
108,서울,2023-08-05 19:40,30.7,0
108,서울,2023-08-05 19:41,30.8,0
108,서울,2023-08-05 19:42,30.7,0
108,서울,2023-08-05 19:43,30.7,0
108,서울,2023-08-05 19:44,30.7,0
108,서울,2023-08-05 19:45,30.6,0
108,서울,2023-08-05 19:46,30.6,0
108,서울,2023-08-05 19:47,30.6,0
108,서울,2023-08-05 19:48,30.6,0
108,서울,2023-08-05 19:49,30.5,0
108,서울,2023-08-05 19:50,30.5,0
108,서울,2023-08-05 19:51,30.5,0
108,서울,2023-08-05 19:52,30.5,0
108,서울,2023-08-05 19:53,30.5,0
108,서울,2023-08-05 19:54,30.5,0
108,서울,2023-08-05 19:55,30.5,0
108,서울,2023-08-05 19:56,30.5,0
108,서울,2023-08-05 19:57,30.5,0
108,서울,2023-08-05 19:58,30.5,0
108,서울,2023-08-05 19:59,30.4,0
108,서울,2023-08-05 20:00,30.4,0
108,서울,2023-08-05 20:01,30.4,0
108,서울,2023-08-05 20:02,30.4,0
108,서울,2023-08-05 20:03,30.4,0
108,서울,2023-08-05 20:04,30.4,0
108,서울,2023-08-05 20:05,30.3,0
108,서울,2023-08-05 20:06,30.3,0
108,서울,2023-08-05 20:07,30.3,0
108,서울,2023-08-05 20:08,30.3,0
108,서울,2023-08-05 20:09,30.3,0
108,서울,2023-08-05 20:10,30.3,0
108,서울,2023-08-05 20:11,30.3,0
108,서울,2023-08-05 20:12,30.3,0
108,서울,2023-08-05 20:13,30.3,0
108,서울,2023-08-05 20:14,30.3,0
108,서울,2023-08-05 20:15,30.3,0
108,서울,2023-08-05 20:16,30.3,0
108,서울,2023-08-05 20:17,30.3,0
108,서울,2023-08-05 20:18,30.3,0
108,서울,2023-08-05 20:19,30.3,0
108,서울,2023-08-05 20:20,30.3,0
108,서울,2023-08-05 20:21,30.3,0
108,서울,2023-08-05 20:22,30.2,0
108,서울,2023-08-05 20:23,30.2,0
108,서울,2023-08-05 20:24,30.2,0
108,서울,2023-08-05 20:25,30.2,0
108,서울,2023-08-05 20:26,30.2,0
108,서울,2023-08-05 20:27,30.2,0
108,서울,2023-08-05 20:28,30.3,0
108,서울,2023-08-05 20:29,30.2,0
108,서울,2023-08-05 20:30,30.2,0
108,서울,2023-08-05 20:31,30.2,0
108,서울,2023-08-05 20:32,30.1,0
108,서울,2023-08-05 20:33,30.1,0
108,서울,2023-08-05 20:34,30.1,0
108,서울,2023-08-05 20:35,30,0
108,서울,2023-08-05 20:36,30,0
108,서울,2023-08-05 20:37,30,0
108,서울,2023-08-05 20:38,30,0
108,서울,2023-08-05 20:39,29.9,0
108,서울,2023-08-05 20:40,29.9,0
108,서울,2023-08-05 20:41,29.9,0
108,서울,2023-08-05 20:42,29.9,0
108,서울,2023-08-05 20:43,29.9,0
108,서울,2023-08-05 20:44,29.8,0
108,서울,2023-08-05 20:45,29.8,0
108,서울,2023-08-05 20:46,29.8,0
108,서울,2023-08-05 20:47,29.8,0
108,서울,2023-08-05 20:48,29.8,0
108,서울,2023-08-05 20:49,29.8,0
108,서울,2023-08-05 20:50,29.8,0
108,서울,2023-08-05 20:51,29.7,0
108,서울,2023-08-05 20:52,29.7,0
108,서울,2023-08-05 20:53,29.7,0
108,서울,2023-08-05 20:54,29.7,0
108,서울,2023-08-05 20:55,29.7,0
108,서울,2023-08-05 20:56,29.7,0
108,서울,2023-08-05 20:57,29.7,0
108,서울,2023-08-05 20:58,29.7,0
108,서울,2023-08-05 20:59,29.7,0
108,서울,2023-08-05 21:00,29.7,0
108,서울,2023-08-05 21:01,29.7,0
108,서울,2023-08-05 21:02,29.7,0
108,서울,2023-08-05 21:03,29.7,0
108,서울,2023-08-05 21:04,29.7,0
108,서울,2023-08-05 21:05,29.7,0
108,서울,2023-08-05 21:06,29.7,0
108,서울,2023-08-05 21:07,29.7,0
108,서울,2023-08-05 21:08,29.7,0
108,서울,2023-08-05 21:09,29.6,0
108,서울,2023-08-05 21:10,29.7,0
108,서울,2023-08-05 21:11,29.6,0
108,서울,2023-08-05 21:12,29.6,0
108,서울,2023-08-05 21:13,29.6,0
108,서울,2023-08-05 21:14,29.6,0
108,서울,2023-08-05 21:15,29.6,0
108,서울,2023-08-05 21:16,29.6,0
108,서울,2023-08-05 21:17,29.6,0
108,서울,2023-08-05 21:18,29.6,0
108,서울,2023-08-05 21:19,29.6,0
108,서울,2023-08-05 21:20,29.6,0
108,서울,2023-08-05 21:21,29.6,0
108,서울,2023-08-05 21:22,29.6,0
108,서울,2023-08-05 21:23,29.6,0
108,서울,2023-08-05 21:24,29.6,0
108,서울,2023-08-05 21:25,29.6,0
108,서울,2023-08-05 21:26,29.5,0
108,서울,2023-08-05 21:27,29.5,0
108,서울,2023-08-05 21:28,29.5,0
108,서울,2023-08-05 21:29,29.5,0
108,서울,2023-08-05 21:30,29.5,0
108,서울,2023-08-05 21:31,29.5,0
108,서울,2023-08-05 21:32,29.5,0
108,서울,2023-08-05 21:33,29.4,0
108,서울,2023-08-05 21:34,29.5,0
108,서울,2023-08-05 21:35,29.4,0
108,서울,2023-08-05 21:36,29.4,0
108,서울,2023-08-05 21:37,29.4,0
108,서울,2023-08-05 21:38,29.4,0
108,서울,2023-08-05 21:39,29.4,0
108,서울,2023-08-05 21:40,29.4,0
108,서울,2023-08-05 21:41,29.4,0
108,서울,2023-08-05 21:42,29.4,0
108,서울,2023-08-05 21:43,29.4,0
108,서울,2023-08-05 21:44,29.4,0
108,서울,2023-08-05 21:45,29.4,0
108,서울,2023-08-05 21:46,29.4,0
108,서울,2023-08-05 21:47,29.4,0
108,서울,2023-08-05 21:48,29.4,0
108,서울,2023-08-05 21:49,29.4,0
108,서울,2023-08-05 21:50,29.4,0
108,서울,2023-08-05 21:51,29.4,0
108,서울,2023-08-05 21:52,29.4,0
108,서울,2023-08-05 21:53,29.4,0
108,서울,2023-08-05 21:54,29.3,0
108,서울,2023-08-05 21:55,29.3,0
108,서울,2023-08-05 21:56,29.3,0
108,서울,2023-08-05 21:57,29.3,0
108,서울,2023-08-05 21:58,29.3,0
108,서울,2023-08-05 21:59,29.3,0
108,서울,2023-08-05 22:00,29.3,0
108,서울,2023-08-05 22:01,29.3,0
108,서울,2023-08-05 22:02,29.3,0
108,서울,2023-08-05 22:03,29.3,0
108,서울,2023-08-05 22:04,29.3,0
108,서울,2023-08-05 22:05,29.3,0
108,서울,2023-08-05 22:06,29.3,0
108,서울,2023-08-05 22:07,29.3,0
108,서울,2023-08-05 22:08,29.3,0
108,서울,2023-08-05 22:09,29.2,0
108,서울,2023-08-05 22:10,29.2,0
108,서울,2023-08-05 22:11,29.2,0
108,서울,2023-08-05 22:12,29.2,0
108,서울,2023-08-05 22:13,29.2,0
108,서울,2023-08-05 22:14,29.2,0
108,서울,2023-08-05 22:15,29.2,0
108,서울,2023-08-05 22:16,29.2,0
108,서울,2023-08-05 22:17,29.2,0
108,서울,2023-08-05 22:18,29.2,0
108,서울,2023-08-05 22:19,29.2,0
108,서울,2023-08-05 22:20,29.2,0
108,서울,2023-08-05 22:21,29.2,0
108,서울,2023-08-05 22:22,29.1,0
108,서울,2023-08-05 22:23,29.1,0
108,서울,2023-08-05 22:24,29.1,0
108,서울,2023-08-05 22:25,29.1,0
108,서울,2023-08-05 22:26,29.1,0
108,서울,2023-08-05 22:27,29.1,0
108,서울,2023-08-05 22:28,29.1,0
108,서울,2023-08-05 22:29,29.1,0
108,서울,2023-08-05 22:30,29.1,0
108,서울,2023-08-05 22:31,29.1,0
108,서울,2023-08-05 22:32,29.1,0
108,서울,2023-08-05 22:33,29.1,0
108,서울,2023-08-05 22:34,29.1,0
108,서울,2023-08-05 22:35,29.1,0
108,서울,2023-08-05 22:36,29,0
108,서울,2023-08-05 22:37,29,0
108,서울,2023-08-05 22:38,29,0
108,서울,2023-08-05 22:39,29,0
108,서울,2023-08-05 22:40,29,0
108,서울,2023-08-05 22:41,29,0
108,서울,2023-08-05 22:42,29,0
108,서울,2023-08-05 22:43,29,0
108,서울,2023-08-05 22:44,29,0
108,서울,2023-08-05 22:45,29,0
108,서울,2023-08-05 22:46,29,0
108,서울,2023-08-05 22:47,29,0
108,서울,2023-08-05 22:48,29,0
108,서울,2023-08-05 22:49,29,0
108,서울,2023-08-05 22:50,29,0
108,서울,2023-08-05 22:51,29,0
108,서울,2023-08-05 22:52,29,0
108,서울,2023-08-05 22:53,29,0
108,서울,2023-08-05 22:54,29,0
108,서울,2023-08-05 22:55,29,0
108,서울,2023-08-05 22:56,29,0
108,서울,2023-08-05 22:57,29,0
108,서울,2023-08-05 22:58,29,0
108,서울,2023-08-05 22:59,29,0
108,서울,2023-08-05 23:00,28.9,0
108,서울,2023-08-05 23:01,29,0
108,서울,2023-08-05 23:02,29,0
108,서울,2023-08-05 23:03,28.9,0
108,서울,2023-08-05 23:04,29,0
108,서울,2023-08-05 23:05,29,0
108,서울,2023-08-05 23:06,29,0
108,서울,2023-08-05 23:07,28.9,0
108,서울,2023-08-05 23:08,29,0
108,서울,2023-08-05 23:09,29,0
108,서울,2023-08-05 23:10,29,0
108,서울,2023-08-05 23:11,29,0
108,서울,2023-08-05 23:12,29,0
108,서울,2023-08-05 23:13,29,0
108,서울,2023-08-05 23:14,29,0
108,서울,2023-08-05 23:15,28.9,0
108,서울,2023-08-05 23:16,28.9,0
108,서울,2023-08-05 23:17,28.9,0
108,서울,2023-08-05 23:18,28.9,0
108,서울,2023-08-05 23:19,28.9,0
108,서울,2023-08-05 23:20,28.9,0
108,서울,2023-08-05 23:21,28.9,0
108,서울,2023-08-05 23:22,28.9,0
108,서울,2023-08-05 23:23,28.9,0
108,서울,2023-08-05 23:24,28.9,0
108,서울,2023-08-05 23:25,28.9,0
108,서울,2023-08-05 23:26,28.9,0
108,서울,2023-08-05 23:27,28.9,0
108,서울,2023-08-05 23:28,28.9,0
108,서울,2023-08-05 23:29,28.9,0
108,서울,2023-08-05 23:30,28.9,0
108,서울,2023-08-05 23:31,28.9,0
108,서울,2023-08-05 23:32,28.9,0
108,서울,2023-08-05 23:33,28.9,0
108,서울,2023-08-05 23:34,28.9,0
108,서울,2023-08-05 23:35,28.9,0
108,서울,2023-08-05 23:36,28.9,0
108,서울,2023-08-05 23:37,28.9,0
108,서울,2023-08-05 23:38,28.9,0
108,서울,2023-08-05 23:39,28.9,0
108,서울,2023-08-05 23:40,28.9,0
108,서울,2023-08-05 23:41,28.9,0
108,서울,2023-08-05 23:42,28.9,0
108,서울,2023-08-05 23:43,28.9,0
108,서울,2023-08-05 23:44,28.9,0
108,서울,2023-08-05 23:45,28.9,0
108,서울,2023-08-05 23:46,28.9,0
108,서울,2023-08-05 23:47,28.9,0
108,서울,2023-08-05 23:48,28.8,0
108,서울,2023-08-05 23:49,28.8,0
108,서울,2023-08-05 23:50,28.8,0
108,서울,2023-08-05 23:51,28.8,0
108,서울,2023-08-05 23:52,28.8,0
108,서울,2023-08-05 23:53,28.8,0
108,서울,2023-08-05 23:54,28.8,0
108,서울,2023-08-05 23:55,28.8,0
108,서울,2023-08-05 23:56,28.8,0
108,서울,2023-08-05 23:57,28.8,0
108,서울,2023-08-05 23:58,28.8,0
108,서울,2023-08-05 23:59,28.8,0
108,서울,2023-08-06 00:00,28.8,0
